Symbol,Name,AUM ,Total Returns,Votes,Price
VUG,Vanguard Growth ETF,$234.95B,1276%,,$92.76
IWF,iShares Russell 1000 Growth ETF,$128.77B,739%,,$129.45
IVW,iShares S&P 500 Growth ETF,$78.75B,867%,,$146.47
SCHG,Schwab U.S. Large-Cap Growth ETF,$64.33B,1192%,,$37.00
SPYG,State Street SPDR Portfolio S&P 500 Growth ETF,$56.67B,567%,,$126.75
VONG,Vanguard Russell 1000 Growth ETF,$47.39B,1080%,,$133.22
MGK,Vanguard Mega Cap Growth ETF,$35.19B,1014%,,$95.26
IUSG,iShares Core S&P U.S. Growth ETF,$34.27B,694%,,$199.46
VOOG,Vanguard S&P 500 Growth ETF,$27.88B,1120%,,$88.00
VBK,Vanguard Small-Cap Growth ETF,$23.03B,699%,,$348.43
IWP,iShares Russell Mid-Cap Growth ETF,$19.73B,1715%,,$143.47
CGGR,Capital Group Growth ETF,$26.35B,96%,,$48.58
VOT,Vanguard Mid-Cap Growth ETF,$19.52B,561%,,$304.31
IWY,iShares Russell Top 200 Growth ETF,$16.27B,1334%,,$304.42
IWO,iShares Russell 2000 Growth ETF,$14.33B,462%,,$361.11
EFG,iShares MSCI EAFE Growth ETF,$15.48B,242%,,$121.41
IJK,iShares S&P Mid-Cap 400 Growth ETF,$10.38B,739%,,$113.31
CGGO,Capital Group Global Growth Equity ETF,$12.13B,72%,,$40.24
JGRO,JPMorgan Active Growth ETF,$10.20B,96%,,$99.18
IJT,iShares S&P Small-Cap 600 Growth ETF,$7.75B,918%,,$163.96
FBCG,Fidelity Blue Chip Growth ETF,$7.66B,217%,,$64.96
FELG,Fidelity Enhanced Large Cap Growth ETF,$5.83B,81%,,$46.49
SLYG,State Street SPDR S&P 600 Small Cap Growth ETF,$4.80B,493%,,$109.41
IMCG,iShares Morningstar Mid-Cap Growth ETF,$4.05B,975%,,$97.29
ILCG,iShares Morningstar Growth ETF,$3.23B,1066%,,$120.85
MDYG,State Street SPDR S&P 400 Mid Cap Growth ETF,$2.79B,643%,,$108.13
COWG,Pacer US Large Cap Cash Cows Growth Leaders ETF,$2.33B,102%,,$40.99
NULG,Nuveen ESG Large-Cap Growth ETF,$3.04B,421%,,$116.97
QGRO,American Century U.S. Quality Growth ETF,$1.98B,200%,,$118.88
QGRW,WisdomTree U.S. Quality Growth Fund,$3.21B,183%,,$70.92
TCHP,T. Rowe Price Blue Chip Growth ETF,$2.19B,103%,,$53.05
RPG,Invesco S&P 500 Pure Growth ETF,$1.93B,864%,,$60.50
PWB,Invesco Large Cap Growth ETF,$2.69B,1102%,,$168.00
IVOG,Vanguard S&P Mid-Cap 400 Growth ETF,$1.69B,519%,,$141.11
FTGS,First Trust Growth Strength ETF,$1.29B,90%,,$38.72
GARP,iShares MSCI USA Quality GARP ETF,$3.36B,257%,,$87.70
VTWG,Vanguard Russell 2000 Growth ETF,$1.44B,466%,,$264.04
FTC,First Trust Large Cap Growth AlphaDEX Fund,$1.33B,560%,,$183.42
WINN,Harbor Long-Term Growers ETF,$1.23B,86%,,$35.37
TGRT,T. Rowe Price Growth ETF,$1.65B,87%,,$48.73
FYC,First Trust Small Cap Growth AlphaDEX Fund,$1.39B,485%,,$116.36
ISCG,iShares Morningstar Small-Cap Growth ETF,$963.61M,602%,,$63.01
VIOG,Vanguard S&P Small-Cap 600 Growth ETF,$1.03B,545%,,$141.33
TGRW,T. Rowe Price Growth Stock ETF,$1.05B,92%,,$49.84
JSMD,Janus Henderson Small/Mid Cap Growth Alpha ETF,$1.03B,271%,,$92.09
IWLG,NYLI Winslow Large Cap Growth ETF,$317.23M,129%,,$59.59
GFLW,VictoryShares Free Cash Flow Growth ETF,$1.12B,32%,,$34.28
LSGR,Natixis Loomis Sayles Focused Growth ETF,$922.30M,80%,,$46.19
QDVO,Amplify CWP Growth & Income ETF,$778.87M,51%,,$30.55
SFY,SoFi Select 500 ETF,$712.20M,238%,,$157.79
FNY,First Trust Mid Cap Growth AlphaDEX Fund,$564.31M,396%,,$100.95
FFLG,Fidelity Fundamental Large Cap Growth ETF,$635.85M,67%,,$35.12
DNL,WisdomTree Global ex-U.S. Quality Growth Fund,$476.87M,187%,,$45.74
CSMD,Congress SMid Growth ETF,$473.71M,36%,,$35.06
GQGU,GQG US Equity ETF,$661.02M,6%,,$27.09
FAD,First Trust Multi Cap Growth AlphaDEX Fund,$598.72M,553%,,$185.95
LRGE,ClearBridge Large Cap Growth Select ETF,$389.41M,279%,,$93.29
FLCG,Federated Hermes MDT Large Cap Growth ETF,$647.01M,42%,,$36.66
GGUS,Marketbeta Russell 1000 Growth Equity ETF,$513.92M,72%,,$70.61
JIG,JPMorgan International Growth ETF,$525.40M,76%,,$86.25
NUMG,Nuveen ESG Mid-Cap Growth ETF,$343.11M,127%,,$47.56
TMFG,Motley Fool Global Opportunities ETF,$336.24M,17%,,$30.46
FDG,American Century Focused Dynamic Growth ETF,$440.16M,247%,,$137.79
CAML,Congress Large Cap Growth ETF,$384.53M,62%,,$41.44
RFG,Invesco S&P Midcap 400 Pure Growth ETF,$332.12M,537%,,$61.10
LRGG,Nomura Focused Large Growth ETF,$289.08M,19%,,$30.47
JSML,Janus Henderson Small Cap Growth Alpha ETF,$340.30M,265%,,$88.01
CARK,CastleArk Large Growth ETF,$344.43M,61%,,$49.51
GRIN,VictoryShares International Free Cash Flow Growth ETF,$352.64M,29%,,$33.16
CNEQ,Alger Concentrated Equity ETF,$3.17B,103%,,$42.03
FFOG,Franklin Focused Growth ETF FOCUSED GROWTH ETF,$373.93M,101%,,$53.78
BLGR,Bluemonte Large Cap Growth ETF,$304.12M,31%,,$33.51
BCHP,Principal Focused Blue Chip ETF,$230.68M,50%,,$38.59
MFSG,MFS Active Growth ETF,$395.26M,20%,,$31.49
HFGO,Hartford Large Cap Growth ETF,$209.57M,54%,,$31.27
MTRA,Invesco International Growth Focus ETF,$134.91M,6%,,$26.65
GLRY,Inspire Growth ETF,$161.23M,61%,,$39.14
FRTY,Alger Mid Cap 40 ETF,$154.70M,21%,,$24.30
STXG,Strive 1000 Growth ETF,$152.24M,121%,,$58.05
PJFG,PGIM Jennison Focused Growth ETF,$143.84M,140%,,$124.05
BUL,Pacer US Cash Cows Growth ETF,$128.30M,158%,,$61.35
BAMG,Brookstone Growth Stock ETF,$134.96M,82%,,$45.62
HBTA,Horizon Expedition Plus ETF,$256.37M,30%,,$33.76
ATFV,Alger 35 ETF,$484.14M,107%,,$41.35
BKCG,BNY Mellon Concentrated Growth ETF,$120.41M,29%,,$40.42
LGRO,Level Four Large Cap Growth Active ETF,$145.45M,87%,,$47.73
RZG,Invesco S&P Smallcap 600 Pure Growth ETF,$119.41M,459%,,$63.44
GQQQ,Astoria US Quality Growth Kings ETF,$173.66M,45%,,$36.96
NBJP,Neuberger Japan Equity ETF,$124.99M,47%,,$36.54
AGRW,Allspring LT Large Growth ETF,$116.04M,34%,,$33.75
LCLG,Logan Capital Broad Innovative Growth ETF,$106.93M,117%,,$72.12
QQQ,Invesco QQQ Trust Series,$500.94B,1611%,,$760.89
GRNY,Fundstrat Granny Shots US Large Cap,$4.56B,39%,,$28.83
AOTG,AOT Growth and Innovation ETF,$111.07M,173%,,$69.92
VOO,Vanguard S&P 500 ETF,"$1,041.35B",830%,,$717.01
VGT,Vanguard Information Technology ETF,$155.48B,2373%,,$130.16
FTEC,Fidelity MSCI Information Technology Index ,$21.25B,1246%,,$310.44
FNDX,Schwab Fundamental U.S. Large Company ETF,$27.51B,403%,,$32.00
EEM,iShares MSCI Emerging Markets ETF,$31.69B,846%,,$68.50
VEU,Vanguard FTSE All-World ex-US Index Fund,$69.28B,182%,,$84.00
TQQQ,ProShares UltraPro QQQ ,$38.72B,37445%,,$84.56
ARKK,ARK Innovation ETF,$8.82B,385%,,$91.00
AIS,VistaShares Artificial Intelligence Supercycle® ETF,$1.08B,196%,,$78.14
POW,VistaShares Electrification Supercycle® ETF,$62.59M,28%,,$27.67