Symbol,Name,Fund Provider,Dividend Yield,Tax Treatment Grade,Expense Ratio,AUM ,Total Return,Price Decay,Inception Date,Payout Frequency,Rating
YBST,GraniteShares YieldBOOST Single Stock Universe ETF,GraniteShares,44%,B,1.38%,1M,-25%,YES,12/16/2025,Weekly,C+
YBTY,GraniteShares YieldBOOST TopYielders ETF,GraniteShares,53%,B,1.38%,1.6M,-33%,YES,12/16/2025,Weekly,C-
AMYY,GraniteShares YieldBOOST AMD ETF,GraniteShares,68%,B,1.07%,10M,34%,YES,9/16/2025,Weekly,C+
XBTY,GraniteShares YieldBOOST Bitcoin ETF,GraniteShares,31%,B,1.15%,10M,-35%,YES,5/12/2025,Weekly,C-
COYY,GraniteShares YieldBOOST COIN ETF,GraniteShares,63%,B,1.07%,16M,-62%,YES,7/28/2025,Weekly,C-
HOYY,GraniteShares YieldBOOST HOOD ETF,GraniteShares,73%,B,1.07%,8.9M,-47%,YES,9/30/2025,Weekly,F
NVYY,GraniteShares YieldBOOST NVDA ETF,GraniteShares,39%,B,1.07%,26M,31%,YES,5/12/2025,Weekly,F
TQQY,GraniteShares YieldBOOST QQQ ETF,GraniteShares,25%,B,1.15%,5.5M,2%,YES,2/26/2025,Weekly,F
SMYY,GraniteShares YieldBOOST SMCI ETF,GraniteShares,71%,B,1.07%,6M,-29%,YES,9/30/2025,Weekly,C-
YSPY,GraniteShares YieldBOOST SPY ETF,GraniteShares,10%,B,1.15%,8.4M,17%,YES,2/26/2025,Weekly,C-
TSYY,GraniteShares YieldBOOST TSLA ETF,GraniteShares,44%,B,1.15%,58M,-32%,YES,12/18/2024,Weekly,C-
AHD,GraniteShares Autocallable HOOD ETF,GraniteShares,33%,B,1.07%,5.6M,18%,NO,5/16/2026,Weekly,C-
CONY,YieldMax COIN Option Income Strategy ETF,YieldMax,58%,B,0.99%,385M,40%,YES,8/14/2023,Weekly,C
ULTY,YieldMax Ultra Option Income Strategy ETF,YieldMax,61%,B,1.40%,718M,12%,YES,2/28/2024,Weekly,C
MSTY,YieldMax MSTR Option Income Strategy ETF,YieldMax,76%,B,0.99%,1120M,75%,YES,2/22/2024,Weekly,C+
SMCY,YieldMax SMCI Option Income Strategy ETF,YieldMax,76%,B,0.99%,149M,-31%,YES,9/11/2024,Weekly,D
TSLY,YieldMax TSLA Option Income Strategy ETF,YieldMax,50%,B,0.99%,699M,43%,YES,10/22/2022,Weekly,D+
YBIT,YieldMax Bitcoin Option Income Strategy ETF,YieldMax,41%,B,0.99%,61M,-11%,YES,4/22/2024,Weekly,C-
PLTY,YieldMax PLTR Option Income Strategy ETF,YieldMax,40%,B,0.99%,375M,214%,YES,10/7/2024,Weekly,F
NVDY,YieldMax NVDA Option Income Strategy ETF,YieldMax,30%,B,0.99%,1458M,371%,YES,5/10/2023,Weekly,C
AMDY,YieldMax AMD Option Income Strategy ETF,YieldMax,100%,B,0.99%,488M,274%,YES,9/18/2023,Weekly,F
SNOY,YieldMax SNOW Option Income Strategy ETF,YieldMax,45%,B,0.99%,68M,154%,YES,6/10/2024,Weekly,C-
YMAX,YieldMax Universe Fund of Option Income ETFs,YieldMax,41%,B,1.28%,370M,47%,YES,1/16/2024,weekly,C-
PYPY,YieldMax PYPL Option Income Strategy ETF,YieldMax,26%,B,0.99%,13M,-2%,YES,9/25/2023,weekly,C
AMZY,YieldMax AMZN Option Income Strategy ETF,YieldMax,26%,B,0.99%,217M,92%,YES,6/24/2023,weekly,F
GOOY,YieldMax GOOGL Option Income Strategy ETF,YieldMax,25%,B,0.99%,228M,88%,YES,6/27/2023,weekly,B-
BABO,YieldMax BABA Option Income Strategy ETF,YieldMax,31%,B,0.99%,13M,13%,YES,8/7/2024,weekly,C-
OARK,YieldMax Innovation Option Income Strategy ETF,YieldMax,29%,B,1.00%,31M,61%,YES,11/22/2022,weekly,D
HOOY,YieldMax HOOD Option Income Strategy ETF,YieldMax,66%,B,0.99%,158M,61%,YES,5/7/2025,weekly,A-
LFGY,YieldMax Crypto Industry & Tech Portfolio Option Income ETF,YieldMax,41%,B,1.02%,98M,-1%,YES,1/13/2025,weekly,D
CHPY,YieldMax Semiconductor Portfolio Option Income ETF,YieldMax,43%,B,1.03%,1367M,176%,NO,4/2/2025,weekly,B+
YMAG,YieldMax Magnificent 7 Fund of Option Income ETFs,YieldMax,39%,B,1.12%,299M,76%,YES,1/29/2024,weekly,F
FBY,YieldMax META Option Income Strategy ETF,YieldMax,61%,B,0.99%,120M,76%,YES,7/27/2023,weekly,C
SOXY,YieldMax® Target 12™ Semiconductor Option Income ETF,YieldMax,12%,B,1.06%,70M,134%,NO,12/2/2024,Monthly,B+
IWMY,Defiance R2000 Enhanced Options & 0DTE Income ETF,Defiance,30.0%,B,1.05%,85M,38%,YES,10/30/2023,Monthly,C-
QQQY,Definance Nasdaq 100 Enhanced Options & 0DTE Income ETF,Defiance,30.0%,B,1.01%,194M,60%,YES,9/14/2023,Monthly,C+
SPYI,NEOS S&P 500 High Income ETF,NEOS,12.15%,B,0.68%,12497M,80%,NO,8/30/2022,Monthly,A-
QQQI,NEOS Nasdaq 100 High Income ETF,NEOS,14.4%,B,0.68%,15238M,65%,NO,1/20/2024,Monthly,A-
BTCI,NEOS Bitcoin High Income ETF,NEOS,25.6%,B,0.98%,1418M,18%,YES,10/17/2024,Monthly,C-
CSHI,NEOS Enhanced Income 1-3 Month T-Bill ETF,NEOS,5.0%,B,0.38%,1942M,24%,NO,8/30/2022,Monthly,A-
QQQH,NEOS Nasdaq 100 Hedged Equity Income ETF,NEOS,9.0%,B,0.68%,411M,27%,NO,12/19/2019,Monthly,A-
IWMI,NEOS Russell 2000 High Income ETF,NEOS,14.5%,B,0.68%,1290M,38%,YES,6/25/2024,Monthly,B+
IYRI,NEOS Real Estate High Income ETF,NEOS,10.8%,C,0.68%,299M,9%,YES,1/14/2025,Monthly,F
IAUI,NEOS Gold High Income ETF,NEOS,12.0%,B,0.78%,651M,15%,NO,6/5/2025,Monthly,B+
BNDI,NEOS Enhanced Income Aggregate Bond ETF,NEOS,5.8%,B,0.58%,190M,13%,YES,8/30/2022,Monthly,A-
SPYH,NEOS S&P 500 Hedged Equity Income ETF,NEOS,7.8%,B,0.68%,36M,33%,NO,4/2/2025,Monthly,B
NIHI,NEOS MSCI EAFE High Income ETF,NEOS,9.7%,B,0.68%,210M,14%,NO,9/17/2025,Monthly,C
MLPI,MLP & Energy Infrastructure High Income ETF,NEOS,14.2%,B,0.68%,927M,18%,NO,12/17/2025,Monthly,B+
XSPI,NEOS Boosted S&P 500 High Income ETF,NEOS,16.8%,B,0.98%,131M,15%,NO,1/29/2026,Monthly,C
XQQI,NEOS Boosted Nasdaq-100 High Income ETF,NEOS,20.2%,B,0.98%,436M,20%,NO,1/29/2026,Monthly,B
XBCI,NEOS Boosted Bitcoin High Income ETF,NEOS,39%,B,0.98%,227M,6%,YES,2/3/2026,Monthly,C
DIVO,Amplify CWP Enhanced Dividend Income ETF,Amplify,4.9%,B,0.56%,7821M,221%,NO,12/14/2016,Monthly,A
YYY,Amplify High Income ETF,Amplify,13.9%,B,0.50%,659M,79%,YES,6/12/2013,Monthly,B-
IDVO,Amplify CWP International Enhanced Dividend Income ETF,Amplify,6.1%,B,0.65%,1456M,111%,NO,9/8/2022,Monthly,A-
QDVO,Amplify CWP Growth & Income ETF,Amplify,11.2%,B,0.56%,793M,53%,NO,8/22/2024,Monthly,B
GPIX,Goldman Sachs S&P 500 Premium Income ETF,Goldman Sachs,8.1%,B,0.29%,6172M,84%,NO,10/24/23,Monthly,A-
SCHD,Schwab U.S. Dividend Equity ETF,Schwab,3.0%,A,0.06%,109312M,537%,NO,10/20/2011,Quarterly,A+
DGRO,iShares Core Dividend Growth ETF,iShares,1.9%,A,0.08%,42664M,315%,NO,6/10/2014,Quarterly,A+
DGRW,WisdomTree U.S. Quality Dividend Growth Fund,WisdomTree,2.1%,B,0.28%,17093M,415%,NO,5/22/2013,Monthly,A+
VIG,Vanguard Dividend Appreciation ETF,Vanguard,1.4%,A,0.04%,111189M,615%,NO,4/21/2006,Quarterly,A+
VYM,Vanguard High Dividend Yield ETF,Vanguard,2.4%,A,0.04%,80043M,476%,NO,11/10/2006,Quarterly,A+
SPHD,Invesco S&P 500 High Dividend Low Volatility ETF,Invesco,5.0%,B,0.30%,3143M,233%,NO,10/18/2012,Monthly,A
FDVV,Fidelity High Dividend ETF,Fidelity,2.7%,A,0.15%,10259M,249%,NO,9/12/2016,Quarterly,A
BATT,Amplify Lithium & Battery Technology ETF,Amplify,2.2%,A,0.59%,114M,-13%,NO,6/6/2018,Annual,B+
COWS,Amplify Cash Flow Dividend Leaders ETF,Amplify,1.3%,A,0.39%,40M,59%,NO,9/13/2023,Monthly,B+
BITY,Amplify Bitcoin 2% Monthly Option Income ETF,Amplify,24.6%,B,0.65%,14M,-23%,YES,4/29/2025,Monthly,B
BAGY,Amplify Bitcoin Max Income Covered Call ETF,Amplify,33.0%,B,0.65%,10M,-26%,YES,4/29/2025,Monthly,B-
HCOW,Amplify COWS Covered Call ETF,Amplify,10.3%,A,0.65%,17M,32%,YES,9/20/2023,Monthly,B-
QDTE,Roundhill Innovation-100 0DTE Covered Call Strategy ETF,Roundhill,20.0%,B,0.97%,980M,65%,YES,3/7/2024,Weekly,B+
XDTE,Roundhill S&P 500 0DTE Covered Call Strategy ETF,Roundhill,15.0%,B,0.97%,333M,48%,YES,3/7/2024,Weekly,B+
YBTC,Roundhill Bitcoin Covered Call Strategy ETF,Roundhill,30.3%,B,0.96%,143M,32%,YES,1/18/2024,Weekly,B-
PLTW,Roundhill PLTR WeeklyPay ETF,Roundhill,47.6%,B,0.99%,134M,76%,YES,2/19/2025,Weekly,B-
YETH,Roundhill Ether Covered Call Strategy ETF,Roundhill,42.1%,B,0.96%,68M,-32%,YES,9/3/2024,Weekly,D
COIW,Roundhill COIN WeeklyPay ETF,Roundhill,50.4%,B,0.99%,45M,-45%,YES,2/19/2025,Weekly,D
RDTE,Roundhill Russell 2000 0DTE Covered Call Strategy ETF,Roundhill,20.5%,B,0.97%,160M,37%,YES,9/10/2024,Weekly,B-
WEEK,Roundhill Weekly T-Bill ETF,Roundhill,3.7%,B,0.19%,185M,6%,NO,3/6/2025,Weekly,A
MAGY,Roundhill Magnificent Seven Covered Call ETF,Roundhill,19.9%,B,0.99%,100M,29%,YES,4/23/2025,Weekly,B+
TSLW,Roundhill TSLA WeeklyPay ETF,Roundhill,39.4%,B,0.99%,77M,-5%,YES,2/19/2025,Weekly,C+
GOOW,Roundhill GOOGL WeeklyPay ETF,Roundhill,31.8%,B,0.99%,83M,96%,NO,7/24/2025,Weekly,B
TOPW,Roundhill Top Weeklypay ETF,Roundhill,38.5%,B,0.99%,142M,8%,YES,9/4/2025,Weekly,C+
AMDW,AMDW AMD WeeklyPay ETF,Roundhill,55.0%,B,0.99%,180M,340%,NO,7/24/2025,Weekly,B+
ACKY,VistaShares Target 15 ACKtivist Distribution ETF,VistaShares,15.0%,B,0.95%,45M,3%,YES,9/9/2025,Monthly,B
OMAH,VistaShares Target 15 Berkshire Select Income ETF,VistaShares,15.0%,B,0.95%,1094M,14%,YES,3/5/2025,Monthly,B
DRKY,VistaShares Target 15™ DRUKMacro Distribution ETF,VistaShares,15.0%,B,0.95%,21M,25%,NO,10/8/2025,Monthly,B
QUSA,VistaShares Target 15™ USA Quality Income ETF,VistaShares,15.0%,B,0.95%,22M,11%,YES,5/6/2025,Monthly,B
SIOO,VistaShares Target 15™ S&P 100 Distribution ETF,VistaShares,15.1%,B,0.95%,22M,12%,NO,12/11/2025,Monthly,B-
XYLD,Global X S&P 500 Covered Call ETF,Global X,8.4%,B,0.60%,3418M,106%,YES,6/24/2013,Monthly,B
HDV,iShares Core High Dividend ETF,iShares,3.3%,B,0.08%,14688M,386%,NO,3/29/2011,Quarterly,A+
DVY,iShares Select Dividend ETF,iShares,3.2%,B,0.38%,22350M,591%,NO,11/3/2003,Quarterly,A+
SDY,SPDR S&P Dividend ETF,State Street,2.6%,A,0.35%,20608M,476%,NO,11/8/2005,Quarterly,A+
BALI,iShares US Large Cap Premium Income Active ETF,iShares,7.4%,B,0.35%,1509M,79%,NO,9/26/2023,Monthly,A-
NOBL,ProShares S&P 500 Dividend Aristocrats ETF,ProShares,2.0%,B,0.35%,11084M,253%,NO,10/9/2013,Quarterly,A+
IDV,iShares International Select Dividend ETF,iShares,5.0%,B,0.50%,8085M,141%,NO,6/11/2007,Quarterly,A
VYMI,Vanguard International High Dividend Yield ETF,Vanguard,4.0%,B,0.07%,21415M,193%,NO,2/25/2016,Quarterly,A
SCHP,Schwab U.S. TIPS ETF,Schwab,5.0%,B,0.03%,16185M,50%,NO,8/5/2010,Monthly,A
SCHG,Schwab U.S. Growth ETF,Schwab,0.4%,A,0.04%,65863M,1219%,NO,12/11/2009,Quarterly,A-
RYLD,Global X Russell 2000 Covered Call ETF,Global X,11.1%,B,0.60%,1323M,50%,YES,4/17/2019,Monthly,C+
QYLD,Global X Nasdaq 100 Covered Call ETF,Global X,11.2%,B,0.60%,8513M,202%,YES,12/12/2013,Monthly,C+
JEPI,JPMorgan Equity Premium Income ETF,JP Morgan,8.0%,C,0.35%,45552M,95%,NO,5/20/2020,Monthly,A
JEPQ,JPMorgan NASDAQ Equity Premium Income ETF,JP Morgan,11.2%,C,0.35%,44664M,96%,NO,5/3/2022,Monthly,A
MAXI,Simplify Bitcoin Strategy PLUS Income ETF,Simplify,4.3%,C,1.00%,40M,210%,YES,9/29/2022,Monthly,C+
BLOX,Nicholas Crypto Income ETF,XFunds,36.0%,B,0.99%,291M,6%,YES,6/17/2025,Weekly,B+
GIAX,Nicholas Global Equity and Income ETF,XFunds,24.0%,B,1.03%,119M,37%,YES,7/29/2024,Weekly,C+
SVOL,Simplify Volatility Premium ETF,Simplify,20.4%,C,0.66%,527M,62%,YES,5/12/2021,Monthly,C-
BITO,ProShares Bitcoin ETF,ProShares,38.2%,C,0.95%,1734M,-1%,YES,10/18/2021,Monthly,C-
KQQQ,Kurv Technology Titans Select ETF,Kurv,14.48%,A,1.12%,140M,55%,NO,7/22/2024,Monthly,A-
FEPI,REX FANG & Innovation Equity Premium Income ETF,REX,25.2%,B,0.65%,739M,75%,YES,10/9/2023,Weekly,B+
AIPI,REX AI Equity Premium Income ETF,REX,34.8%,B,0.65%,488M,62%,YES,6/4/2024,Weekly,B-
CEPI,REX Crypto Equity Premium Income ETF,REX,41.9%,B,0.85%,129M,25%,YES,12/4/2024,Weekly,B-
NVII,REX NVDA Growth & Income ETF,REX,30%,B,0.99%,128M,86%,NO,5/28/2025,Weekly,b
TSII,REX TSLA Growth And Income ETF,REX,49%,B,0.99%,32M,18%,YES,6/4/2025,Weekly,C
WMTI ,REX WMT Growth And Income ETF,REX,19%,B,0.99%,12M,3%,YES,11/4/2025,Weekly,B-
ULTI,REX IncomeMax Option Strategy ET,REX,67%,A,1.25%,19M,-52%,YES,10/31/2025,Weekly,C+
GPIQ,Goldman Sachs Nasdaq-100 Premium Income ETF,Goldman Sachs,9.9%,C,0.29%,6406M,105%,NO,10/24/2023,Monthly,A
TSPY,TappAlpha S&P 500 Growth & Daily Income ETF,TappAlpha,14.1%,B,0.99%,367M,40%,NO,8/14/2024,Monthly,B+
TDAQ,TappAlpha Innovation 100 Growth & Daily Income ETF,TappAlpha,17.6%,B,0.68%,442M,31%,NO,9/4/2025,Monthly,B+
SPYT,Defiance S&P 500 Income Target ETF,Defiance,20.0%,C,0.87%,170M,45%,YES,3/7/2024,Monthly,B-
ISPY,ProShares S&P 500 High Income ETF,ProShares,5.2%,C,0.56%,1178M,56%,NO,12/18/2023,Monthly,B+
KGLD,Kurv Gold Enhanced Income ETF,Kurv,16.6%,B,1.00%,165M,23%,NO,7/8/2025,Monthly,B+
TSYX,TappAlpha TSPY LIFT ETF,TappAlpha,20%,A,0.98%,20M,11%,YES,1/7/2025,Weekly,C+
TDAX, TappAlpha TDAQ LIFT ETF,TappAlpha,18%,B,0.98%,75M,19%,NO,1/7/2026,Weekly,C+
FTHI,First Trust BuyWrite Income ETF,First Trust,9.1%,B,0.76%,2578M,160%,NO,1/6/2014,Monthly,C+
BUYW,Main BuyWrite ETF,Main Managment,5.9%,B,0.99%,1439M,46%,NO,12/29/2015,Monthly,C+
XLEI,State Street Energy Select Sector SPDR Premium Income ETF ,State Street,22.6%,B,0.35%,154M,45%,NO,7/29/2025,Monthly,B-
XLKI,State Street Technology Select Sector SPDR Premium Income ETF,State Street,13.8%,B,0.35%,29M,35%,NO,7/29/2025,Monthly,B-
KNG,FT Vest S&P 500 Dividend Aristocrats Target Income ETF,First Trust,9%,B,0.74%,3209M,101%,NO,3/26/2018,Monthly,B-
OVL,Overlay Shares Large Cap Equity ETF,Liquid Strategies,10.5%,B,0.79%,491M,210%,NO,9/30/2019,Monthly,A+
KHPI,Kensington Hedged Premium Income ETF,Kensington,9.0%,B,0.96%,442M,26%,NO,9/3/2024,Monthly,B-
VOO,Vanguard S&P 500 ETF,Vanguard,1.0%,A,0.03%,1059767M,844%,NO,9/7/2010,Quarterly,A+
QDPL,Pacer Metaurus US Large Cap Dividend Multiplier 400 ETF,Pacer ETFs,4.60%,B,0.60%,1854M,83%,NO,6/12/2021,Monthly,A
QSIX,Pacer Metaurus Nasdaq 100 Dividend Multiplier 600 ETF,Pacer ETFs,3.78%,B,0.60%,22M,49%,NO,7/12/2021,Monthly,A
TYLG,Information Technology Covered Call & Growth ETF,Global X,7.3%,B,0.60%,16M,149%,NO,11/21/2022,Monthly,B-
EGGY,NestYield Dynamic Income ETF,NestYield,34%,A,0.95%,190M,45%,YES,12/26/2024,Monthly,A-
EGGS,NestYield Total Return ETF,NestYield,22.44%,B,0.95%,65M,26%,YES,12/26/2024,Monthly,B+
ODTE,ODTE  VegaShares SPX NDX RTY Premium Income ETF,VegaShares,14.20%,B,0.76%,2.8M,7%,NO,4/2/2026,Weekly,B+
SPCI,Tuttle Capital Space Industry Income Blast ETF,Tuttle Capital,35%,B,0.99%,9.5M,-11%,YES,3/12/2026,Weekly,A-
VAIE,VegaShares US Equity Autocallable Income ETF,VegaShares,17%,B,0.74%,63M,5%,YES,5/11/2026,Weekly,A-
ROCY,JPMorgan Equity Premium Yield ETF,JP Morgan,6.5%,B,0.35%,799M,16%,NO,3/18/2026,Monthly,B
OVS,Overlay Shares Small Cap Equity ETF (OVS),Liquid Strategies,10.82%,B,0.83%,41M,111%,NO,9/30/2019,Monthly,A-
OVF,Overlay Shares Foreign Equity ETF (OVF),Liquid Strategies,10.82%,B,0.83%,66M,82%,NO,9/30/2019,Monthly,A-
ISBG,IncomeSTKd 1X Bitcoin & 1X Gold Premium ETF,Quantify Funds,17%,B,1.14%,8.3M,-33%,YES,1/20/2026,Weekly,C
ISSB,IncomeSTKd 1X US Stocks & 1X Bitcoin Premium ETF,Quantify Funds,17%,B,1.14%,2.5M,4%,YES,1/20/2026,Weekly,C
TMGN,TappAlpha Cboe Magnificent 10 Growth & Daily Income ETF,TappAlpha,21%,B,0.88%,33M,13%,NO,7/15/2026,Monthly,B
SEPI,Shelton Equity Premium Income ETF,Shelton Capital,0.70%,B,0.54%,199M,27%,NO,9/8/2025,Monthly,B
SPUC,Simplify US Equity Income ETF,Simplify,15%,B,0.53%,259M,146%,NO,9/3/2020,Monthly,B
QVOL,Infrastructure Capital Nasdaq Option Income ETF,Infrastructure Capital,11.0%,B,0.82%,62M,8%,NO,5/12/2026,Monthly,B
VFLO,VictoryShares Free Cash Flow ETF,Victory Shares,0.8%,B,0.39%,11156M,122%,NO,8/7/2023,Monthly,B
FOXY,Simplify Currency Strategy ETF,Simplify,10.16%,C,0.81%,215M,24%,NO,2/3/2025,Monthly,B
DRMP ,Tuttle Capital Memory Stack Income Blast ETF,Tuttle Capital,30%,B,0.95%,6.5M,-15%,YES,6/10/2026,Weekly,B
MEMY,Tuttle Capital Meme Stock Income Blast ETF,Tuttle Capital,25.29%,B,0.99%,1.3M,-24%,YES,1/20/2026,Weekly,B
IACL,GraniteShares US 100 Autocallable Income ETF,GraniteShares,0%,B,0.55%,2.8M,1%,NO,8/18/2026,Monthly,B
PDI,PIMCO Dynamic Income Fund ,Pimco,17.42%,C,1.10%,6840M,251%,YES,5/25/2012,Monthly,B
PTY,PIMCO Corporate & Income Opportunity Fund ,Pimco,12.11%,C,1.27%,2330M,968%,YES,12/27/2002,Monthly,B
AMZP,Kurv Yield Premium Strategy Amazon ETF,Kurv,17.06%,A,0.99%,18M,78%,YES,10/31/2023,Monthly,C+
BIGY,YieldMax® Target 12™ Big 50 Option Income ETF,YieldMax,12%,B,1.09%,33M,32%,NO,10/20/2024,Monthly,B-
FTQI,First Trust Nasdaq BuyWrite Income ETF,First Trust,12%,B,0.75%,1012M,146%,NO,1/6/2014,Monthly,A-
JPIE,JPMorgan Income ETF,JP Morgan,6%,C,0.39%,10943M,16%,YES,10/28/2021,Monthly,B-
OVB,Overlay Shares Core Bond ETF,Liquid Strategies,6.35%,C,0.79%,47M,10%,YES,9/30/2019,Monthly,C+
OVM,Overlay Shares Municipal Bond ETF,Liquid Strategies,5.50%,A,0.81%,43M,14%,YES,9/30/2019,Monthly,C
OVT,Overlay Shares Short Term Bond ETF,Liquid Strategies,6.78%,C,0.79%,61M,17%,YES,1/14/2021,Monthly,C
RDVI,FT Vest Rising Dividend Achievers Target Income ETF,First Trust,8.62%,B,0.75%,3740M,102%,NO,10/19/2022,Monthly,A-
RNTY,YieldMax® Target 12™ Real Estate Option Income ETF,YieldMax,12.00%,C,0.99%,5.8M,8%,YES,4/16/2025,Monthly,C
SGOV,iShares 0-3 Month Treasury Bond ETF,iShares,4.00%,C,0.09%,114389M,21%,NO,5/26/2020,Monthly,A
SPHY,State Street SPDR Portfolio High Yield Bond ETF,State Street,7.43%,D,0.05%,11836M,94%,YES,6/18/2012,Monthly,B
TPRY,VistaShares Target 15™ TEPRTantrum Contrarian Distribution ETF,VistaShares,15.00%,B,0.95%,4.3M,5%,YES,2/26/2026,Monthly,C-
TDVI,FT Vest Technology Dividend Target Income ETF,First Trust,8.07%,B,0.75%,641M,101%,NO,8/9/2023,Monthly,B+
EGGQ,NestYield Visionary ETF,NestYield,9.49%,B,0.95%,92M,54%,NO,12/26/2024,Monthly,B
VOOY,XFUNDS Large Cap Income ETF,XFunds,9.0%,B,0.75%,2.5M,2%,NO,8/31/2026,Monthly,B
WRTH,Worth Charting Options Income ETF ,Worth Charting Group,3.1%,B,1.02%,96M,6%,NO,4/27/2026,Monthly,B
SEPQ,STF Tactical Growth & Income ETF,Shelton Capital,11%,B,0.65%,96M,87%,NO,5/18/2022,Monthly,B
HAKY,Amplify HACK Cybersecurity Covered Call ETF,Amplify,15%,B+,0.65%,10M,51%,NO,1/20/2026,Monthly,B+
ITWO,ProShares Russell 2000 High Income ETF ,ProShares,7%,B-,0.55%,186M,37%,NO,9/4/2024,Monthly,B+