Symbol,ETF Name,Dividend Yield,Price Decay,Total Return
QLDY,Defiance Nasdaq 100 LightningSpread Income ETF,40%,YES,24%
QQQY,Defiance Nasdaq 100 Target 30 Income ETF,30%,YES,61%
USOY,Defiance Oil Enhanced Options Income ETF,50%,YES,61%
IWMY,Defiance R2000 Enhanced Options Income ETF,30%,YES,40%
YBST,GraniteShares YieldBOOST Single Stock Universe ETF,44%,YES,-24%
YBTY,GraniteShares YieldBOOST TopYielders ETF,52%,YES,-32%
AMYY,GraniteShares YieldBOOST AMD ETF,68%,YES,39%
XBTY,GraniteShares YieldBOOST Bitcoin ETF,30%,YES,-34%
COYY,GraniteShares YieldBOOST COIN ETF,63%,YES,-61%
HOYY,GraniteShares YieldBOOST HOOD ETF,73%,YES,-46%
NVYY,GraniteShares YieldBOOST NVDA ETF,39%,YES,33%
TQQY,GraniteShares YieldBOOST QQQ ETF,25%,YES,2%
SMYY,GraniteShares YieldBOOST SMCI ETF,71%,YES,-28%
YSPY,GraniteShares YieldBOOST SPY ETF,10%,YES,17%
TSYY,GraniteShares YieldBOOST TSLA ETF,44%,YES,-32%
KYLD,Kurv High Income ETF,24%,YES,4%
BLOX,Nicholas Crypto Income ETF,36%,YES,13%
NVII,REX NVDA Growth & Income ETF,30%,NO,92%
TSII,REX TSLA Growth And Income ETF,49%,YES,16%
WMTI ,REX WMT Growth And Income ETF,19%,YES,-2%
ULTI,REX IncomeMax Option Strategy ETF,67%,YES,-50%
AAPW,Roundhill AAPL WeeklyPay ETF,30%,YES,34%
AMDW,Roundhill AMD WeeklyPay ETF,77%,NO,352%
AMZW,Roundhill AMZN WeeklyPay ETF,31%,YES,14%
ARMW,Roundhill ARM WeeklyPay ETF,104%,YES,78%
AVGW,Roundhill AVGO WeeklyPay ETF,39%,NO,22%
BABW,Roundhill BABA WeeklyPay ETF,35%,YES,-44%
YBTC,Roundhill Bitcoin Covered Call Strategy ETF,30%,YES,35%
BRKW,Roundhill BRKB WeeklyPay ETF,14%,YES,-1%
COIW,Roundhill COIN WeeklyPay ETF,70%,YES,-44%
COSW,Roundhill COST WeeklyPay ETF,27%,YES,-6%
YETH,Roundhill Ether Covered Call Strategy ETF,49%,YES,-27%
GOOW,Roundhill GOOGL WeeklyPay ETF,30%,NO,90%
HOOW,Roundhill HOOD WeeklyPay ETF,67%,YES,34%
MAGY,Roundhill Magnificent Seven Covered Call ETF,20%,YES,29%
METW,Roundhill META WeeklyPay ETF,58%,YES,1%
MSFW,Roundhill MSFT WeeklyPay ETF,40%,YES,-1%
MSTW,Roundhill MSTR WeeklyPay ETF,78%,YES,-73%
NFLW,Roundhill NFLX WeeklyPay ETF,37%,YES,-54%
NVDW,Roundhill NVDA WeeklyPay ETF,38%,YES,70%
PLTW,Roundhill PLTR WeeklyPay ETF,73%,YES,57%
TSLW,Roundhill TSLA WeeklyPay ETF,51%,YES,-7%
UBEW,Roundhill UBER WeeklyPay ETF,34%,YES,-35%
QDTE,Roundhill Innovation-100 0DTE Covered Call Strategy ETF,20%,YES,66%
RDTE,Roundhill Russell 2000 0DTE Covered Call Strategy ETF,26%,YES,39%
XDTE,Roundhill S&P 500 0DTE Covered Call Strategy ETF,15%,YES,48%
WEEK,Roundhill Weekly T-Bill ETF,3.6%,NO,6%
TOPW,Top WeeklyPay™ ETF,35%,YES,8%
AIYY,YieldMax® AI Option Income Strategy ETF,70%,YES,-75%
AMDY,YieldMax® AMD Option Income Strategy ETF,101%,YES,284%
AMZY,YieldMax® AMZN Option Income Strategy ETF,25%,YES,88%
APLY,YieldMax® AAPL Option Income Strategy ETF,30%,YES,53%
BABO,YieldMax® BABA Option Income Strategy,34%,YES,13%
BRKC,YieldMax® BRKB Option Income Strategy ETF,16%,YES,2%
CONY,YieldMax® COIN Option Income Strategy ETF,66%,YES,43%
CRCO,YieldMax® CRCL Option Income Strategy ETF,75%,YES,-33%
CRSH,YieldMax® Short TSLA Option Income Strategy ETF,45%,YES,-54%
CVNY,YieldMax® CVNA Option Income Strategy ETF,58%,YES,27%
DIPS,YieldMax® Short NVDA Option Income Strategy ETF,33%,YES,-57%
DRAY,YieldMax® DKNG Option Income Strategy ETF,42%,YES,-53%
FBY,YieldMax® META Option Income Strategy ETF,81%,YES,79%
FIAT,YieldMax® Short COIN Option Income Strategy ETF,55%,YES,-48%
GDXY,YieldMax® Gold Miners Option Income Strategy ETF,36%,YES,56%
GMEY,YieldMax® GME Option Income Strategy ETF,81%,YES,-12%
GOOY,YieldMax® GOOGL Option Income Strategy ETF,25%,YES,84%
HIYY,YieldMax® HIMS Option Income Strategy ETF,66%,YES,-44%
HOOY,YieldMax® HOOD Option Income Strategy ETF,81%,YES,65%
INYY,YieldMax INTC Option Income Strategy ETF,100%,YES,2%
JPO,YieldMax® JPM Option Income Strategy ETF,18%,YES,51%
MARO,YieldMax® MARA Option Income Strategy ETF,90%,YES,-60%
MRNY,YieldMax® MRNA Option Income Strategy ETF,101%,YES,65%
MSFO,YieldMax® MSFT Option Income Strategy ETF,24%,YES,63%
MSTY,YieldMax® MSTR Option Income Strategy ETF,100%,YES,79%
NFLY,YieldMax® NFLX Option Income Strategy ETF,25%,YES,30%
NVDY,YieldMax® NVDA Option Income Strategy ETF,36%,YES,382%
OARK,YieldMax® Innovation Option Income Strategy ETF,35%,YES,63%
PLTY,YieldMax® PLTR Option Income Strategy ETF,33%,YES,197%
PYPY,YieldMax® PYPL Option Income Strategy ETF,30%,YES,-3%
RBLY,YieldMax® RBLX Option Income Strategy ETF,79%,YES,-61%
RDYY,YieldMax® RDDT Option Income Strategy ETF,55%,YES,-32%
SMCY,YieldMax® SMCI Option Income Strategy ETF,81%,YES,-28%
SNOY,YieldMax® SNOW Option Income Strategy ETF,52%,YES,145%
TSLY,YieldMax® TSLA Option Income Strategy ETF,56%,YES,43%
TSMY,YieldMax® TSM Option Income Strategy ETF,37%,YES,128%
WNTR,YieldMax® Short MSTR Option Income Strategy ETF,65%,YES,7%
XOMO,YieldMax® XOM Option Income Strategy ETF,26%,YES,28%
XYZY,YieldMax® XYZ Option Income Strategy ETF,32%,YES,33%
YBIT,YieldMax® Bitcoin Option Income Strategy ETF,40%,YES,-9%
YQQQ,YieldMax® Short N100 Option Income Strategy ETF,21%,YES,-20%
CHPY,YieldMax® Semiconductor Portfolio Option Income ETF,43%,NO,188%
GPTY,YieldMax® AI & Tech Portfolio Option Income ETF,36%,YES,58%
LFGY,YieldMax® Crypto Industry & Tech Portfolio Option Income ETF,41%,YES,4%
MINY,YieldMax® Strategic Metals & Mining Portfolio Option Income ETF,31%,YES,-15%
QDTY,YieldMax® Nasdaq 100 0DTE Covered Call ETF,31%,YES,31%
RDTY,YieldMax® R2000 0DTE Covered Call ETF,36%,YES,31%
SDTY,YieldMax® S&P 500 0DTE Covered Call ETF,21%,YES,24%
SLTY,YieldMax® Ultra Short Option Income Strategy ETF,55%,YES,-17%
ULTY,YieldMax® Ultra Option Income Strategy ETF,61%,YES,12%
YMAG,YieldMax® Magnificent 7 Fund of Option Income ETFs,39%,YES,76%
YMAX,YieldMax® Universe Fund of Option Income ETFs,41%,YES,47%
TSYX,TSPY LIFT ETF,20%,NO,11%
TDAX,TDAQ LIFT ETF,24%,NO,20%
ODTE,ODTE  VegaShares SPX NDX RTY Premium Income ETF,14%,NO,8%
SPCI,Tuttle Capital Space Industry Income Blast ETF,28%,YES,-4%
VAIE,VegaShares US Equity Autocallable Income ETF,17%,YES,5%
FEPI,Rex Fang & Innovation Equity Premium Income ETF,25%,YES,74%
AIPI,REX AI Equity Premium Income ETF,35%,YES,62%
CEPI,REX Crypto Equity Premium Income ETF,42%,YES,27%
MEMY,Tuttle Capital Meme Stock Income Blast ETF,25%,YES,-23%